sim_number,EIG_kids,EIG_adults
1,0.6393899694659096,0.7092435073373234
2,0.5969944463859015,0.6243927388447935
3,0.5914393712722523,0.7888499492340709
4,0.6797561561700806,0.6313049381549605
5,0.6224852457665261,0.675734279336471
6,0.5646228624759428,0.6513501280051444
7,0.5495131420289636,0.6406201110480803
8,0.6106309717148949,0.6571548847301033
9,0.6450255678237553,0.7778162770742042
10,0.5712815097378644,0.6092021502024799
11,0.5804719405570417,0.6086300588451861
12,0.6312470639397887,0.6425274118544745
13,0.5637356899723084,0.7464995910193818
14,0.5750755593147342,0.7155299884923991
15,0.5967287043740335,0.6609657856931047
16,0.660927500186839,0.6437176768284953
17,0.6053958522568855,0.6981888501225497
18,0.6264344276577829,0.6396714511087136
19,0.6048004352949597,0.6231522822090073
20,0.5688706977416172,0.7149380073717393
21,0.5983900289782033,0.6963880388256847
22,0.5542170574190423,0.7467614561807677
23,0.6064506919736851,0.7169445153422999
24,0.5694635657862775,0.6111487149872126
25,0.6148497246906117,0.6895252780563609
26,0.6337015177054438,0.6188306537510535
27,0.5259349185645068,0.6125750300032733
28,0.6210953857608482,0.5599942286118705
29,0.6080389901072676,0.6970770744364124
30,0.6316030729103346,0.7510805001246909
31,0.639623942971622,0.5594120652260567
32,0.5859679062038294,0.6737853998626127
33,0.5944798534801385,0.5878208029864044
34,0.5781741449816703,0.6397800412736445
35,0.5868490340576488,0.7707304838931047
36,0.5778312495897718,0.5801021949898041
37,0.6265809942955726,0.6231558763550327
38,0.562129149697145,0.6741417195640438
39,0.6279375316019048,0.6947593880671961
40,0.6257676564697563,0.6052862539979119
41,0.6660908814748479,0.7095547442821122
42,0.6134193104458598,0.6806439996402158
43,0.5790303345952907,0.6454814805978931
44,0.5834874551814624,0.7488149621125252
45,0.5981352749063784,0.6649780761896706
46,0.5735001602798321,0.6570067105731602
47,0.6423263967419727,0.7330609975625817
48,0.6081775421978391,0.6291200937656626
49,0.6315936023339563,0.6829840256915904
50,0.6283762120292218,0.6999887758133647
51,0.5993908873894825,0.6955352600931378
52,0.632109237146876,0.7541991335825098
53,0.6097807290528953,0.7803595876775122
54,0.6541591936508548,0.5670800615795338
55,0.623989617533767,0.6505541604262494
56,0.5965297486299551,0.8161660341929515
57,0.5869407847060254,0.618601400558076
58,0.6532958032395272,0.6113437726790746
59,0.568949401367738,0.6331530228993754
60,0.5778852865582912,0.6935807998174162
61,0.6746054406301297,0.7233565812252708
62,0.6221067368457067,0.6869020038897677
63,0.649700689115323,0.7379788052545021
64,0.5354646330147229,0.6527569831954266
65,0.6625772242324109,0.5852128348562424
66,0.6238137267480761,0.6497570488828812
67,0.5854686694901561,0.6985930080592174
68,0.6114226134140887,0.6029435893726842
69,0.5756012113938737,0.650770710031203
70,0.591980765785785,0.5906141699213454
71,0.5998517990311945,0.5971420810600084
72,0.593096408156521,0.661539510524281
73,0.5782854547052,0.6387252995958302
74,0.6675398848371126,0.7308806949794997
75,0.6007778693625582,0.6098830359627132
76,0.6279481875582323,0.5766934834053343
77,0.5980259229848294,0.723390152604027
78,0.5691208995148983,0.5713825711751993
79,0.5170508827734397,0.6249139760405749
80,0.6060199129624148,0.7796691397657516
81,0.6037633080708906,0.5419737510779871
82,0.6002971814083956,0.7002254636474141
83,0.6027463059108586,0.622850043634879
84,0.618933536776446,0.750936692255952
85,0.5932949032491919,0.721058149610837
86,0.5821989488546,0.7445642768994093
87,0.5522917471422354,0.6959627918519401
88,0.6291754698145532,0.6713730195692413
89,0.5802472772885597,0.6687391651494631
90,0.5415143831462284,0.6762564160439822
91,0.5694184979858177,0.6344263789129833
92,0.621036967628728,0.64418926997558
93,0.557912343433966,0.6749968269763481
94,0.5792451674941548,0.6127496484321252
95,0.5442279102171717,0.7303907504345749
96,0.584707270754648,0.6775671151627612
97,0.5976930391654781,0.7001035253171437
98,0.5553101530536642,0.6057904680339801
99,0.5503479022339327,0.6917464604790038
100,0.5816037562837483,0.5788348296216882
101,0.6065374231663027,0.6013317625441184
102,0.5637442490259506,0.6278850509205303
103,0.5947682623522439,0.6704277606276859
104,0.5880443026640749,0.6477629776318871
105,0.650968486703605,0.6324655286264481
106,0.6059210274552422,0.5766093749234446
107,0.6479498018195952,0.6643861049510292
108,0.6120219771430708,0.6972122638651741
109,0.5979232829985798,0.7416420928873864
110,0.5994964380074914,0.6438696767629899
111,0.582754431347445,0.5950580966045923
112,0.601742829123321,0.7519155338461873
113,0.5765284356837977,0.6772046181544339
114,0.6302379291386614,0.7346520002287358
115,0.6245686509238008,0.711693868301217
116,0.5496510370872633,0.6639967807420553
117,0.6266923875173345,0.5738747321216602
118,0.6047718430931343,0.6077454882021676
119,0.6390884589992054,0.6389337165281042
120,0.6498015009126775,0.730762389223677
121,0.607855530733615,0.7239398213957734
122,0.5932433473369813,0.6553069629810506
123,0.5727981330131187,0.6567353529281824
124,0.6511230473145649,0.6597639630642911
125,0.5879108084836222,0.7128897073427942
126,0.6121159939572751,0.6161598028679499
127,0.6134542545352842,0.7199061556208035
128,0.6263608558151939,0.6725843870547318
129,0.6341036265332642,0.632679708026713
130,0.5681060356925242,0.7929575426567269
131,0.5055237446181866,0.8130386350007408
132,0.5904599445011685,0.6382176673493369
133,0.5869347386075634,0.7451960910498159
134,0.5693206655646085,0.7347929411415877
135,0.5688330925719087,0.6851303290510377
136,0.627228502191723,0.6180364501895708
137,0.6074818865093289,0.735367011878651
138,0.6518584741652491,0.6865946139697344
139,0.5612488299962385,0.7585061050501601
140,0.5792580107687509,0.6846773871943446
141,0.6054340624633108,0.5749937593185368
142,0.6746002411263317,0.6398820465151484
143,0.5215479841601965,0.6952446949910785
144,0.6155561969868076,0.7958751350496861
145,0.5656530774091147,0.6589175737610043
146,0.6334735705136456,0.6853908794156098
147,0.6042955491366017,0.7290891293915128
148,0.5507176759761855,0.6754415786392663
149,0.581235167039675,0.633179846354512
150,0.5874486025684876,0.6716658242505179
151,0.5892773077005363,0.7017150468924552
152,0.558598629551017,0.7020968241768445
153,0.590867550124303,0.7251978445214746
154,0.5841964407509802,0.7081550128830578
155,0.5509916850295518,0.6868456853497428
156,0.6413007225239538,0.7522622242307451
157,0.5861112513862526,0.6359004687051694
158,0.6352248013038213,0.7317331486612934
159,0.6095665057029812,0.6739570795690054
160,0.6146394006170716,0.6453375421315527
161,0.6187243139830001,0.6190823422498378
162,0.6396945565136594,0.7016879446114639
163,0.6063228925933527,0.672418180594356
164,0.5610151473190385,0.6254337786926326
165,0.5763205139986437,0.6984078675659298
166,0.57397935142404,0.7313598478368368
167,0.6010488627915599,0.6822298740517703
168,0.6296089063844258,0.7987364101956188
169,0.6184862246741618,0.6750794660007772
170,0.6256725171917646,0.67456974659203806
171,0.5943004445823932,0.6997534086887108
172,0.638988717286747,0.6715609702428239
173,0.6141808272465136,0.634008141867847
174,0.5525304950488088,0.5615399379506868
175,0.6455233727188725,0.6480454811801477
176,0.5830569632546975,0.7101230099254224
177,0.5716814225430087,0.6662170551379927
178,0.5647530572470651,0.714552966472999
179,0.5808565041683977,0.5867225590106137
180,0.6533870611793811,0.6199659688666773
181,0.5342232757102088,0.5880339644700527
182,0.6165295831303849,0.680057883348351
183,0.6197237149679642,0.6723096993821108
184,0.6066278670201996,0.6290325826597514
185,0.5982556336261309,0.6439170137065735
186,0.5907408701783112,0.5963414524405453
187,0.5863884589837399,0.6535217560270549
188,0.5871232573228602,0.6342417345935234
189,0.6098306350080079,0.7049175036068032
190,0.5373164822180015,0.706574262678446
191,0.6057942466305991,0.6877062018153305
192,0.6018547940315196,0.6795945545906363
193,0.6113952033874303,0.5932542309221679
194,0.5999056426619148,0.7059744032111668
195,0.598395080030344,0.6620195738945882
196,0.627304237407898,0.6688433637483162
197,0.6230935458797257,0.7149386934537197
198,0.6230539646518614,0.604391066019188
199,0.6765372558497426,0.6947248149891125
200,0.5676037706866408,0.7313842070414219
201,0.6223745514915189,0.6928945505131022
202,0.5851770443893514,0.7221516131050137
203,0.6607355189912734,0.5964862327042457
204,0.640265992981922,0.6671478689417496
205,0.5933176558139537,0.6911200709193718
206,0.5736559904007823,0.6824492877356854
207,0.6085850601623972,0.703547997391203
208,0.5975920667244033,0.6905434384957398
209,0.611675455892813,0.6814759715312085
210,0.6339191427678234,0.7139295565793425
211,0.6268752906583573,0.6731641439561654
212,0.6235339472079304,0.6159919211474261
213,0.5653183647918454,0.6467903850456487
214,0.5786747403774687,0.7839004062253724
215,0.5741921827613272,0.6995479065561674
216,0.5964544323870417,0.7370065151468649
217,0.5995308796268648,0.7128535375995625
218,0.5810038207070988,0.6940634629012691
219,0.5411722748313074,0.6298104793100021
220,0.632172670989831,0.7425617245897066
221,0.6109704273584861,0.6516914932065418
222,0.6337001836228784,0.6739240785911508
223,0.6094459859332938,0.6672905385166608
224,0.6081978260625277,0.6139077779332072
225,0.5888711945265847,0.6851442988132596
226,0.5933008257956454,0.6678145404418048
227,0.5930845338622289,0.7073886031117552
228,0.5695314395644872,0.6654856016660591
229,0.6249125494197596,0.6656943108788262
230,0.6112873472973583,0.6165312060697895
231,0.5667219893275215,0.6002903725519012
232,0.6002134979016714,0.7051207053991551
233,0.6115488905327376,0.5562705189639331
234,0.5752895327819342,0.6921990722125468
235,0.5647087308236253,0.7051292241550419
236,0.6186527698553607,0.7488600356053752
237,0.6037005218373456,0.6963051974017448
238,0.6175415187368456,0.6074722859238403
239,0.52006347226324,0.7320086010362304
240,0.5583150981194239,0.658735310923118
241,0.5700708830025937,0.6156907041637375
242,0.5841082501288244,0.6350968808224314
243,0.6443948497516467,0.5403418390863542
244,0.6098980796643149,0.7179523004224672
245,0.5928591926962272,0.7323387678590403
246,0.6121129671799904,0.6025536023539684
247,0.628440971319403,0.6719214348903515
248,0.5587205286740129,0.6479153564415207
249,0.5922689653892417,0.6385984872900101
250,0.5711492463806954,0.7438424554381114
251,0.5987940657659354,0.6746418714563412
252,0.5921210144532365,0.6248571761981399
253,0.5975926421899013,0.5848338763400687
254,0.590014979847415,0.6766444487412692
255,0.5764238240101991,0.6750924364631474
256,0.5497455737330369,0.6632417565064771
257,0.6190847628788179,0.6516587594501119
258,0.6072838251384433,0.6526249447196218
259,0.6394211206709056,0.6716697816783896
260,0.5823153779355745,0.6423626616402197
261,0.598971713156465,0.5102881130514805
262,0.5986375904695211,0.6767762170698856
263,0.5881808668734385,0.5972659728691577
264,0.5614970070633026,0.7900530428058965
265,0.5874788642670047,0.6814638053936013
266,0.6104570922996423,0.7189283217678725
267,0.5904186525431442,0.6592554885205119
268,0.5581053952071269,0.6510781952409037
269,0.5699705358527037,0.6404739421509906
270,0.6328427080558461,0.6103573299246615
271,0.5731591196121418,0.7078337265625485
272,0.5861310968116601,0.6127820550197458
273,0.5987004412425347,0.6908600155851641
274,0.6126303511447534,0.6718349824510629
275,0.6142528016969635,0.6579453183911894
276,0.6196837829734481,0.7514244897005948
277,0.6206694722866563,0.6958421191953503
278,0.5847525139625666,0.6998101350419951
279,0.6022463939072683,0.6187970538156121
280,0.5976389299149951,0.7084807052269585
281,0.5845859391127034,0.7543870647942084
282,0.5740896684706538,0.6549315316356266
283,0.6099076399669247,0.6651817163822463
284,0.577339398519205,0.6470583997128031
285,0.5239874083322155,0.721190922599105
286,0.6493128731969472,0.6466322857415397
287,0.6221915565403994,0.6845367770150252
288,0.5814398203843976,0.6474290948883499
289,0.6119090978271622,0.6306316463363622
290,0.5655043036563032,0.6283606379473333
291,0.6015003842795671,0.5851278732881766
292,0.6141729080832488,0.6138356269474708
293,0.6134583837502343,0.7205467196564521
294,0.6077094419004452,0.6600413141232505
295,0.5910470456992241,0.7042010714471209
296,0.6017555341677285,0.6931600259696844
297,0.6119865206452062,0.6404916757155148
298,0.5602947415548071,0.6447110247323761
299,0.6329351260365951,0.7035260166196462
300,0.6225407337373318,0.6822867503294018
301,0.6098460120774407,0.7073856761400272
302,0.5866737497150668,0.7217814703415487
303,0.5852719081136732,0.6795940061443025
304,0.6118409052839815,0.702083497016169
305,0.5716274312583096,0.7488590640219613
306,0.6626677469445353,0.6471253273876335
307,0.6146118415961783,0.6334134615781356
308,0.5506281003564454,0.694170748556372
309,0.6127539378086255,0.6745966275334322
310,0.6077116050377043,0.7215474410497631
311,0.581884216371639,0.6695988712340567
312,0.542046664578406,0.6684784514234106
313,0.5752120884292095,0.699082934970489
314,0.5988309136587121,0.6118671627254008
315,0.6051492430902562,0.6258232250290084
316,0.5840326609974339,0.7143563035616284
317,0.6196447282116226,0.7964878407388007
318,0.6773047927552127,0.7068289761676624
319,0.6303093379960731,0.6668643090319457
320,0.6433263891230104,0.6180072231493308
321,0.6452153120868356,0.7254439977995577
322,0.580013601408338,0.7160726046655553
323,0.5745457783455932,0.7071793723074996
324,0.6007612758687527,0.6574752918885396
325,0.5819986603703298,0.7171902304800821
326,0.6428093656056508,0.7023760208402232
327,0.6359330407845278,0.7105405223818481
328,0.5680216683162506,0.6927649828659604
329,0.5875184434357154,0.5967782117656033
330,0.5938663750133593,0.6054575528433114
331,0.599549315854976,0.6564614583103922
332,0.6128062860984765,0.69623178426541
333,0.6128059050474073,0.7564495171637625
334,0.5925301895798992,0.6788618526553183
335,0.5992260463060605,0.6475454449010212
336,0.5820208230814634,0.6604727160538483
337,0.589504793497477,0.6874449078287551
338,0.5951468234979023,0.6807584562834121
339,0.6483813271902736,0.7415399040070955
340,0.5896325388590936,0.6846710845226096
341,0.650750493773767,0.6068214718517222
342,0.6052652065250806,0.7324353664917473
343,0.6308848087949389,0.6260490125515883
344,0.6332723039202858,0.5913411436997892
345,0.577588664656782,0.6252399551529932
346,0.5947299912470024,0.7137174736036661
347,0.622482927860077,0.5900233655098754
348,0.5909830145653101,0.7873575190385923
349,0.5739956093634325,0.6446012304327142
350,0.5635408933890539,0.74170848055202
351,0.569913470068752,0.6729132005521049
352,0.5995174212281499,0.6701357286517154
353,0.5908823220242848,0.6820226669963467
354,0.6234913464986803,0.7046781529874753
355,0.584335426880031,0.6920782034001148
356,0.6113835742486352,0.6624453002824849
357,0.5966862666935283,0.6444646071124847
358,0.6626034184473916,0.748271465403706
359,0.6037618848420775,0.6558836246735287
360,0.6994440138807899,0.762055784419916
361,0.6284524488551051,0.6793084092847608
362,0.5404726413672664,0.5867583831488542
363,0.573894094377286,0.7093100082414739
364,0.6309294207629836,0.7116833958590779
365,0.6201909658417057,0.6950856803294151
366,0.6067772908046216,0.6691436842526732
367,0.6380418835571424,0.7192572369972766
368,0.5930254850190813,0.7752575005640664
369,0.5891145841079476,0.6865278002867623
370,0.5330819077226062,0.6801089860945685
371,0.5953811348447261,0.7459123564430118
372,0.6423410559132094,0.6766764208749627
373,0.592267634878285,0.6435678579737191
374,0.5930981823820037,0.6260780399720633
375,0.6161328215865594,0.6496229596263059
376,0.5879417572773834,0.6892461694699137
377,0.5729489784414266,0.671287903567308
378,0.627870436368821,0.6921812606126917
379,0.6325170010987061,0.7297256188460994
380,0.6006830483795907,0.547600748663787
381,0.6286790903208401,0.6483340621654579
382,0.622571336986805,0.6222750003961744
383,0.5636307350857934,0.6266753862253414
384,0.6104175329072496,0.6542568269844534
385,0.6352746810494381,0.711607784700719
386,0.6077418914673146,0.7004134527967931
387,0.6371932654807888,0.6879177728975716
388,0.6240946371981358,0.7196134968462962
389,0.5814170680438997,0.6003001622936197
390,0.6119550834444784,0.6889944882666081
391,0.6238217361256153,0.6574725093640617
392,0.5652668867336731,0.6856929223528918
393,0.6026904502626236,0.5826144009603852
394,0.5734263136164999,0.6102622072887921
395,0.6228757205524772,0.7339289270202918
396,0.5713521439093512,0.6890714011068221
397,0.6286696085841819,0.622948897128227
398,0.5839889998715659,0.7831562311862034
399,0.5379596918057191,0.6730386016747621
400,0.6340153425414202,0.5954955339978538
401,0.6183543554560036,0.5756758385476175
402,0.6269433352662337,0.5803093629303795
403,0.5865970580051022,0.5905701402441722
404,0.5993349511532347,0.690651721137896
405,0.5841322199875854,0.5744248580549697
406,0.5693588398371242,0.7319702899010773
407,0.5843279115008326,0.6367876074676071
408,0.5933694936833608,0.6856088574486529
409,0.6107047738603569,0.6082452159518982
410,0.595211109552147,0.6924242831262426
411,0.601383622912475,0.7399989756052717
412,0.5243504878377068,0.7114722254952414
413,0.5985046200302457,0.6386076414176143
414,0.5828411283225756,0.6586217399781649
415,0.6629280114898505,0.6565688674701899
416,0.6220903492690031,0.7141781853847168
417,0.5957129912046458,0.7226069288765276
418,0.6287937580059765,0.795551699421319
419,0.5693434649908206,0.7029640112750443
420,0.6280585295872889,0.7235287517923124
421,0.5950939992336028,0.653760775834145
422,0.604692414793292,0.6306996799793322
423,0.561184875746021,0.7030928924697031
424,0.6092348615095219,0.7177536934038616
425,0.622490666558803,0.6660050765025375
426,0.5801905664571481,0.7189810074861727
427,0.5838177928598713,0.7011320985824815
428,0.6465138851114058,0.6479207275006968
429,0.5765314524846853,0.6270932411937913
430,0.5815351881526896,0.6103436498196256
431,0.5754087918455353,0.7429441611860229
432,0.5595044884975311,0.6558968738199099
433,0.5714934970811949,0.717753957307836
434,0.5869152333964545,0.7544189527798312
435,0.6408885321055938,0.6403920004426611
436,0.6685826311616615,0.7630641773034976
437,0.5816546275186755,0.5999707881860061
438,0.5938506090868554,0.6764548778870048
439,0.6398964268809145,0.6826624031470729
440,0.5907914449012202,0.5623088530027958
441,0.5888132809160813,0.6959032479187435
442,0.6256681164681084,0.65784626270767
443,0.6675853408953303,0.7141085662164052
444,0.5833793703540264,0.5938865409778564
445,0.5927467521057779,0.7091629721385402
446,0.5656140520547105,0.6588850311488634
447,0.5841755408334611,0.6881936844449509
448,0.5506481574506369,0.6957909061292951
449,0.5942464413490451,0.6301282384012499
450,0.6179875318462936,0.6881352049006272
451,0.6344794290372494,0.6105131319598143
452,0.6072973000321038,0.7133745747596932
453,0.5204525952536682,0.6904804321827616
454,0.6019224270156577,0.7317777203712734
455,0.6003918363435413,0.6959546753980458
456,0.5839074714975145,0.5877927447162163
457,0.6169801226307345,0.7011607003045058
458,0.6648001041006429,0.696395035257316
459,0.5617655697731658,0.6999612709183464
460,0.5896649507051762,0.6580871917988863
461,0.5958368045799589,0.5905651195904041
462,0.6190695621085882,0.6142043114220316
463,0.5699676391841926,0.6855594303677841
464,0.5907944801599198,0.6046054699028338
465,0.575109672034658,0.6839889140671019
466,0.6352189569334383,0.7392791250566098
467,0.5853178525073873,0.6864428677741042
468,0.6210780579069691,0.7600319280938188
469,0.5770903096984421,0.6436355806606704
470,0.573673598346,0.6682636829966393
471,0.5940149040856997,0.6776898435421451
472,0.6282106502551694,0.5570984526493628
473,0.5947018214729124,0.6791300261250176
474,0.6028879689498672,0.7293255301938973
475,0.644793210555327,0.6867943599858689
476,0.5542320972157244,0.7219460176046418
477,0.5661659942454561,0.6903267668637595
478,0.6361463755058259,0.6199613332217068
479,0.5889910464023573,0.69063098132092815
480,0.6107608229867402,0.7624146815086783
481,0.6403810893871423,0.6747278377666108
482,0.5865239879737358,0.6661703930556815
483,0.6146342152748947,0.7380463531292445
484,0.5676556053470161,0.736964816275614
485,0.6515654636721276,0.6604758604551012
486,0.6395217476212213,0.585090700452415
487,0.600599075577163,0.7189686555068611
488,0.5636496975956943,0.6826805453335838
489,0.6402222288306247,0.6823986234604795
490,0.5545896068014224,0.7420547313129456
491,0.5695558789857992,0.6203232987815483
492,0.6178114695850527,0.6732138715815954
493,0.5642824625957764,0.7553628418199937
494,0.5930447810965986,0.56048013814823
495,0.6069385494398136,0.7061917094933339
496,0.56564198411579,0.7443489438309381
497,0.67960697102342,0.6217420620777028
498,0.62969335854125,0.6627770114288866
499,0.6572456782724888,0.7154098928717899
500,0.5440936492666972,0.6998243632727865
501,0.6346533010602224,0.6031104161046438
502,0.5796319670134421,0.6671557779564136
503,0.6798051121120855,0.5678099438903762
504,0.586304712927427,0.6551091928296052
505,0.624629707343895,0.7715818185719436
506,0.6187079724014212,0.6029955991548105
507,0.6240235084804789,0.5872474632169133
508,0.5781347831163866,0.6760149707697721
509,0.6766582825974655,0.645025283136121
510,0.5580447361844095,0.6432524371821483
511,0.5953802166383897,0.7174058704378352
512,0.5627566245308329,0.6941501291226273
513,0.6026168666997461,0.6580815652546138
514,0.6198503324887616,0.72279775886203
515,0.5897078893577465,0.6367734366373223
516,0.5581548940517278,0.6427288894796279
517,0.6060441277149053,0.6764867627684253
518,0.5912487847003786,0.6353690755803113
519,0.5609166753572724,0.6875426255749141
520,0.5823616735572169,0.6276704313933354
521,0.6424192138775376,0.7108465969233491
522,0.6474097712470192,0.6871985357357572
523,0.626096522477933,0.5877877657279797
524,0.5527538884556246,0.6432145357715804
525,0.6108256828003061,0.6836208770829786
526,0.5728361327302923,0.5810827927926705
527,0.6230149553075425,0.6284264327381021
528,0.5365757470964189,0.6687541551094691
529,0.5651137580977538,0.7468773728903277
530,0.5653607898921146,0.6211032331462416
531,0.6380741761208084,0.6835205097108696
532,0.5362084851171158,0.7044751102445629
533,0.5641787293371769,0.5827277548647207
534,0.6314130638492926,0.5851446903503985
535,0.6142352268900744,0.6976138476981051
536,0.6023999559053078,0.5914942215300315
537,0.6186309685006852,0.7114551130504216
538,0.5364326997017763,0.6632446214482726
539,0.5717165153882594,0.6325030779182765
540,0.6171207646708248,0.6909415841493063
541,0.6244457361734881,0.6038111482863223
542,0.6216348944312544,0.70499071576426
543,0.5726117390616442,0.7398257038934355
544,0.5955497968669414,0.7688157817499811
545,0.5966690730330302,0.6658631549566154
546,0.5778121214553216,0.7331218242583127
547,0.674969971721242,0.7383295893904915
548,0.5867076474329269,0.6376730881125402
549,0.612780455164119,0.6619911824014595
550,0.6284233588640141,0.7323732130862108
551,0.5963456666831733,0.6864159923165707
552,0.65413095209436,0.6031750424974036
553,0.5566328427192329,0.6659630646992369
554,0.6217038343972011,0.6632810825600155
555,0.6395018434514874,0.6219823451776696
556,0.6258377523181174,0.5556096293390126
557,0.6040298264194441,0.7010300900345053
558,0.5845059885191023,0.7311999517378983
559,0.6327793791869142,0.6538673216025291
560,0.5902190527909841,0.729023448006479
561,0.5947482714261285,0.72977966812317685
562,0.6063533509054696,0.7317108586417191
563,0.6341553418043475,0.6258991143897215
564,0.5852151184219025,0.6872924464800295
565,0.5571174259140425,0.6923241245575832
566,0.5809407498244484,0.6313526925878341
567,0.5443824024662971,0.6911993677678572
568,0.6258609661031361,0.6741510044716548
569,0.6412295468981493,0.6054827787869478
570,0.5741745148189022,0.6790735968782962
571,0.5987170435443543,0.6664840073768675
572,0.607951073075432,0.6569040546548116
573,0.614114205530468,0.7599904315947539
574,0.6026225906860333,0.6347266412412416
575,0.6681012275485774,0.680100684895474
576,0.6297851696704867,0.7039768517165111
577,0.5946015092681054,0.6125927963612522
578,0.5693589977809705,0.7277389398399075
579,0.6379400280499287,0.633214069013504
580,0.5660795615789292,0.6629046478289617
581,0.6681858455156389,0.6904103608220419
582,0.591032815416184,0.666152287811991
583,0.6585562449320667,0.5683926105659091
584,0.5580554482334972,0.6774427264309009
585,0.6261036355376102,0.6598515998855843
586,0.5874104989504283,0.6497966479261202
587,0.5729771647909201,0.6750124264421413
588,0.5990100596382467,0.6838234031243928
589,0.632014323872937,0.6504775489021891
590,0.6162642730038801,0.6586470632216361
591,0.5476411183959903,0.6189939517873205
592,0.5496693601139236,0.700847361575227
593,0.6233526995726806,0.612130686470816
594,0.5998340404244812,0.6577187740684132
595,0.5859148158205323,0.6464172923946035
596,0.6070049795445593,0.6551916188165137
597,0.6622815373719754,0.6162032126744351
598,0.5801535770050564,0.6611298881692927
599,0.53803978715866,0.5948471615475822
600,0.5597539642722937,0.6081576129945041
601,0.6320146239440286,0.587868567462404
602,0.5630775813228415,0.7315063871261023
603,0.5816602985790856,0.6515011063112975
604,0.5651813587886582,0.6938576252982478
605,0.5831347323257362,0.7955352215835296
606,0.5730853675000896,0.6697246812874753
607,0.6438052071497411,0.623813105969161
608,0.5992822013823899,0.6138391618156223
609,0.540374071556191,0.6480268443273606
610,0.5841037173239783,0.6286347809429507
611,0.625279043535385,0.751787157128464
612,0.5825412646926209,0.7459528539453724
613,0.5728355250608461,0.6034545059384592
614,0.5628320727964701,0.7252568582865822
615,0.6142668718905284,0.5804474993896416
616,0.5706382278277237,0.6537749663021089
617,0.5732179043899857,0.6398531560979589
618,0.5730638470807345,0.674401155120509
619,0.5823514028505461,0.6634272309476309
620,0.6364059847032102,0.6289756075451625
621,0.6046316264223743,0.7793985289910991
622,0.6097604538870691,0.6765273634667309
623,0.5878572822701544,0.6473417509264234
624,0.6149857093747604,0.7053495566753292
625,0.5795501651969678,0.7566565478455569
626,0.6145652519285488,0.7172247764377387
627,0.5975471134879524,0.6441118491223954
628,0.5393729383299619,0.6203859708856961
629,0.5468489518501579,0.7804561113133003
630,0.5829396136002302,0.7063599320255031
631,0.5680387648665074,0.682754402030965
632,0.5464594740797348,0.6871686574287225
633,0.6183514024447386,0.6022583681643591
634,0.5741372634623998,0.614397813486064
635,0.5835614302434774,0.6991499253527538
636,0.618398608650694,0.6391101527584367
637,0.6149110064138418,0.6700246820402566
638,0.5573819649302844,0.6701459650043161
639,0.6313378992406855,0.7454687096213225
640,0.5381515929214149,0.6308029472722624
641,0.5776093660185203,0.6671246575139373
642,0.5931235067884745,0.6673866131267336
643,0.5779378600197792,0.7399444541163123
644,0.6254013486331561,0.6345352850260081
645,0.6464604739349635,0.6426763485605427
646,0.5863924142175082,0.5903150421543907
647,0.541281882567039,0.7437558280370247
648,0.6314182171716378,0.716710580742413
649,0.6201391986496704,0.623816424731847
650,0.6004014346100895,0.7270993359850787
651,0.6042069778249429,0.6077978249368206
652,0.5777462730878232,0.6331951256255608
653,0.6035158062776049,0.6959782669083856
654,0.5800767509118093,0.6431171662686528
655,0.6284373592907384,0.6662236078194538
656,0.5641636140507249,0.6967868871645364
657,0.6207224437008365,0.6692750430609847
658,0.5706491707597775,0.637816649797313
659,0.616847261375646,0.5816564476970381
660,0.567167506412502,0.6670364218608792
661,0.5640616385896732,0.6491723344191445
662,0.6440203576904476,0.6192761136433086
663,0.6136765787952849,0.6950913180869306
664,0.61493888844865,0.6367548968484312
665,0.5714652177119952,0.6558383770698295
666,0.6120698435757144,0.6900713518263523
667,0.5745266978023397,0.6531787284588059
668,0.6046342941815179,0.710598188904672
669,0.5852971298710025,0.6256078403810612
670,0.6335259881145254,0.6691462352474173
671,0.6428509766859468,0.7586020630843413
672,0.645164765933696,0.7531358380045082
673,0.6246405605069972,0.785016678340062
674,0.5811191264038033,0.6515192019887632
675,0.5989753544661267,0.6707672081350959
676,0.5852454466034767,0.6925347688584719
677,0.5901268109754388,0.6888005071597607
678,0.6201796321546851,0.6310619352606233
679,0.5598628523598533,0.7654862630572676
680,0.5878412577021335,0.7114442810918226
681,0.6091521310014404,0.6457180958297442
682,0.6145813557634205,0.7020905098183057
683,0.5946379307850975,0.6455038481402924
684,0.556724597433176,0.7464156773235741
685,0.5993277892507413,0.7416088019891167
686,0.6235436277247974,0.6306636996399615
687,0.6147257522824744,0.6210738926761581
688,0.652345622741086,0.6603770930996145
689,0.59769909305874,0.7362056588497173
690,0.6011453206369264,0.5839129633182538
691,0.5855718741837502,0.6893616374856181
692,0.6000244642976582,0.7581241417198716
693,0.5870088363368553,0.7057678580533805
694,0.5813439244948967,0.6967551105059019
695,0.607583851864458,0.6860878789407904
696,0.5962250401993294,0.6313140951994674
697,0.5769800888993845,0.6777020802190472
698,0.6173187945997971,0.6052787113867268
699,0.6148934127265089,0.6444131920538823
700,0.5664525325555062,0.70402028191380694
701,0.6110477804746882,0.6588368617041171
702,0.57296279830618,0.6250050597507344
703,0.6317202489782415,0.6915934298727645
704,0.5964368772705801,0.6986524836513164
705,0.5830810872003623,0.5734874337479223
706,0.6024503320842362,0.684531057569175
707,0.5789114104163491,0.7202326366179138
708,0.570967751799293,0.6675526506151865
709,0.640297760622698,0.7474531991423623
710,0.5874415593394279,0.7588429565780658
711,0.5771620918045092,0.6458785387065028
712,0.6707101497503649,0.6233462986661245
713,0.570861742145604,0.6807446036178534
714,0.5947055781720745,0.690859812583341
715,0.6351328544730994,0.6990409802623703
716,0.6419172772831434,0.7535053683010947
717,0.6081658535112038,0.7013490789646846
718,0.6048741126692284,0.7474635205763479
719,0.5978106478166391,0.5722325086047659
720,0.5926792801114825,0.7314116789004104
721,0.5989654711518452,0.7166099363281061
722,0.5955847833751345,0.6125365689492571
723,0.5971271741998035,0.7122838386463672
724,0.6126145394815024,0.7021153054202598
725,0.6113100982945074,0.6223902438577681
726,0.6241861959804889,0.7090500220116174
727,0.6009714056950216,0.6879653513974211
728,0.5754023047590449,0.6779265522089807
729,0.627318769480646,0.723405781241904
730,0.6079613154109204,0.6009297053819523
731,0.612693095928378,0.6666181107447445
732,0.637033129943311,0.7370615730944234
733,0.6323311210534468,0.7367185009693584
734,0.5914934188917943,0.7081724373057715
735,0.5437813210168022,0.6511934459659162
736,0.5407309336881376,0.6383791812671935
737,0.6124555421019197,0.7405990921010195
738,0.5794236540148078,0.7228651342645261
739,0.5808493778424588,0.6493758908358748
740,0.5632456886563961,0.6595119627784605
741,0.6189299947646862,0.7002441440389674
742,0.622728586333786,0.6976269827272864
743,0.5719882948965713,0.737887939409854
744,0.5715116000540672,0.6926327884829585
745,0.6233139579375533,0.6821330933088156
746,0.5752182160885003,0.7106029097138044
747,0.6212589493980641,0.6479369514750187
748,0.5856484062529004,0.7656616268443349
749,0.5656233991432134,0.6225778133454721
750,0.542490145796001,0.6542269475917543
751,0.6147051095901671,0.6781132365407477
752,0.5926703915472328,0.6627697017555702
753,0.6339713887383778,0.6158337716753525
754,0.594987140086816,0.7190703979919889
755,0.5945812506362329,0.7247410306650954
756,0.5798008338802542,0.6606147235504052
757,0.6418590051849742,0.682523539489757
758,0.6154952511503728,0.6446102961844635
759,0.6371784223912205,0.6399650117395433
760,0.608215387002907,0.6677947609134123
761,0.650881664090392,0.6696749010974684
762,0.6350870292958489,0.7447860773955274
763,0.6269844877387344,0.6942385003372576
764,0.6061793617637186,0.6396722778587535
765,0.6182406871729611,0.6464611590360021
766,0.5764149451980923,0.7509767448579859
767,0.6073887350467757,0.6503382724327802
768,0.5841904702213948,0.6972586713723852
769,0.6133268887864043,0.6861818235274648
770,0.610657641190088,0.6727448594306815
771,0.5745434442654165,0.6384403517303804
772,0.6056217486057968,0.7293195316096711
773,0.6732932105887586,0.619794318281817
774,0.5922439747435614,0.6691409090699425
775,0.6083307124153711,0.7033852433261543
776,0.5965449208637305,0.7398732366954373
777,0.6147505653584987,0.707369418543664
778,0.5800203637066106,0.7342871164821577
779,0.5998225105422509,0.6818063232531033
780,0.6030336590719386,0.6145811307674114
781,0.6325250567315884,0.7513310299653121
782,0.6032341718597533,0.7175568642257548
783,0.5793614564191988,0.7422090198906518
784,0.6645244962499745,0.6456402472970909
785,0.6085309734532103,0.6085004872091432
786,0.5874015273905469,0.7448087367221381
787,0.6062692640471586,0.5671595698052372
788,0.5809468325246036,0.692378610107147
789,0.5787719249837554,0.5860407343028815
790,0.640729567852011,0.6036597565991821
791,0.6159852310489823,0.6233739854015532
792,0.6305980439066197,0.666102177001561
793,0.5669706409424357,0.6795709225196335
794,0.6011459710137753,0.6393744723901466
795,0.5608298003018342,0.6904525715513989
796,0.5772761143637163,0.6365520362729454
797,0.6258209988606849,0.6651900074104523
798,0.6075444418960363,0.7136618632629628
799,0.5935352518488086,0.666147516884367
800,0.6162067831036827,0.7108478361630055
801,0.5921216272747214,0.7302401969875155
802,0.5736259349438869,0.6597238383022677
803,0.6580552150016565,0.6570489622042669
804,0.5760766404064676,0.7862002865822668
805,0.5480532752719989,0.6579708544851989
806,0.6332208380409632,0.6722785892394585
807,0.609676172804799,0.7183119106216799
808,0.6099473636619993,0.6420240413459909
809,0.5520191346862734,0.7375718544522323
810,0.5717420797466272,0.6851261097784868
811,0.6079990271498708,0.7939122110571478
812,0.6162246583045667,0.6408222540282231
813,0.582106735397633,0.7619074903575581
814,0.5494045180947672,0.6466644050875198
815,0.613620334987893,0.5983422182139255
816,0.5981340023228546,0.702214118589656
817,0.5635316817476334,0.702814934979027
818,0.5465954947051099,0.7079852338684197
819,0.5938543556239754,0.5971092420781271
820,0.5976809585182074,0.6065852608527991
821,0.5882036446900129,0.702995967647053
822,0.5709947974137258,0.6753305722457387
823,0.5923350151274411,0.6750487544070467
824,0.6471655473499632,0.7409194664167559
825,0.605347660473163,0.7004995559599626
826,0.6116369111336335,0.6293853019388104
827,0.5948952788217777,0.6652092249579267
828,0.6169867909819916,0.7180179698412433
829,0.6404870651093889,0.6547185333021781
830,0.6066632789823764,0.6551695075332775
831,0.6468091607732763,0.7086723363460794
832,0.5420521389948473,0.6590337297221617
833,0.6134214250666519,0.77048198581998
834,0.5778696508131035,0.7061947310601319
835,0.6201942416749963,0.6290030286355716
836,0.5889657255068562,0.6473921098748454
837,0.5906192645155588,0.6207206309301355
838,0.625038128170798,0.608287669974676
839,0.5602144559400336,0.6385833363607495
840,0.5931911117067236,0.7062510797628232
841,0.58421847823035,0.5515686852912283
842,0.5913138156220161,0.6609839263398223
843,0.6117557758390757,0.6401431564153389
844,0.6366518154402508,0.558257634967965
845,0.602891437668865,0.7628644882053
846,0.5758479503860375,0.5826549595187019
847,0.6336617469492415,0.6201937735594633
848,0.6016411900688814,0.7801314865886493
849,0.5766658584531346,0.765977600630767
850,0.5990933193338914,0.7853720381589329
851,0.5708592186316356,0.6994730397218426
852,0.5845750368903122,0.6516037352111574
853,0.6188239301963518,0.6675096129013842
854,0.6822151132665862,0.7210724483077899
855,0.6178210302238207,0.6533911773480904
856,0.5281667549808156,0.7232510989458532
857,0.6645667610297844,0.6165774445751335
858,0.5873864874385629,0.6007087166348514
859,0.5816598876670253,0.6816647585733263
860,0.5520194039602305,0.721011319057249
861,0.593180458775854,0.6632121846774569
862,0.6139735016863983,0.6611909620261812
863,0.590228807178309,0.7285253279033641
864,0.579473624036028,0.6588697890415204
865,0.5897936620109291,0.7097244193055006
866,0.5987193484668045,0.8238040344200406
867,0.6130225208512298,0.7689143359538618
868,0.5779815905856376,0.7109803916643934
869,0.6148987269166039,0.6612618088593043
870,0.6096081636202535,0.5865695129726665
871,0.618741796093556,0.7694096727476176
872,0.586458398428482,0.6437604555593179
873,0.616298791364425,0.714506500016723
874,0.5815528593824582,0.6735477135755142
875,0.6381895853569084,0.6956308132455431
876,0.656395201817924,0.6893058449893316
877,0.5441748575171798,0.6968777951336808
878,0.5867783992973306,0.6386884478468384
879,0.5980149631552115,0.762370759665945
880,0.5642852695592411,0.672709569855918
881,0.6680806044164511,0.6305352693072227
882,0.577777684915794,0.6247300377758007
883,0.5850328011693803,0.6991351544778329
884,0.5841835921338202,0.630722143560115
885,0.6341347130032016,0.5764116672779137
886,0.5896177288459532,0.658923138529998
887,0.5494023239977591,0.6468143569069937
888,0.5771654227661057,0.5996479165884807
889,0.5351219118152503,0.7652496930458719
890,0.5885737720687687,0.7230595987931173
891,0.6124136436508986,0.6243308800323089
892,0.6400813229726432,0.6349412560102642
893,0.5736856674051021,0.6462809905566421
894,0.6028128211514188,0.630386025109084
895,0.6260115884891632,0.6524867638629925
896,0.6107666907947908,0.7062776518295448
897,0.6174320481345348,0.566844332863434
898,0.6396925564453352,0.592199170340365
899,0.573367142930844,0.7460237454246015
900,0.5967777750812443,0.6569278016751127
901,0.5458565862770002,0.6619510779867273
902,0.5962613164917753,0.6502869499976236
903,0.6008533147349968,0.60963033546938
904,0.6055401164016755,0.6650447452385465
905,0.6308350292061266,0.6936324490022712
906,0.6512014846439931,0.6932890956547313
907,0.6084864703061529,0.6625037661337302
908,0.6290453495565381,0.6341313081270817
909,0.6173104709417573,0.7243782201401321
910,0.630305427380409,0.6150561221014516
911,0.5887294053182843,0.667579680111682
912,0.5784686069765624,0.7202133244175523
913,0.5805546717094041,0.6042718691456883
914,0.6202710000819579,0.6575228086438347
915,0.577487835806288,0.7346979047986486
916,0.6121181748226278,0.6941195977868507
917,0.606671970367993,0.5919337511244098
918,0.5620975585196455,0.7279521551245476
919,0.5995856176547288,0.7000658662502186
920,0.5840413695259635,0.6941359192470783
921,0.5641449465804784,0.671532774651558
922,0.5563752131661329,0.7696804430669535
923,0.6177587037226255,0.689505714747642
924,0.581785195411293,0.7151410991298204
925,0.58805858802514,0.7301139332590704
926,0.6156322076270498,0.6725358701230074
927,0.6489535862463867,0.6195380540421072
928,0.6121196584824871,0.6602629815368899
929,0.61496484430048,0.689164420350924
930,0.5472449734448066,0.72238321008085
931,0.6231186121216062,0.6705074761706276
932,0.5673471573978769,0.6658218338725277
933,0.6250330429211823,0.6860521204728633
934,0.6303010543701336,0.6086827212827904
935,0.5989210595776006,0.6376103680269454
936,0.5829806028209088,0.6480456417790874
937,0.587153246891655,0.6432923917516072
938,0.5553915332956321,0.6438955939430896
939,0.5890464597972755,0.6395950228375265
940,0.5997852194182665,0.6924906421736472
941,0.5764369875608691,0.596768958363692
942,0.5748928137028215,0.6177552610354002
943,0.6163164129370355,0.7923272641823759
944,0.5395328331837859,0.7003204376572121
945,0.616051457223778,0.6579983938896755
946,0.6130817018031256,0.5956118104336026
947,0.5615456127377719,0.7136800528001307
948,0.5944258762716434,0.6571642606506092
949,0.6029817044241166,0.7411826949023996
950,0.5968346013633933,0.6500129049506655
951,0.6133794295316022,0.7275973556866888
952,0.552792559093276,0.6531557365726244
953,0.6007836632961969,0.6567329659937639
954,0.5783999265152276,0.6731940263718129
955,0.6182345546015696,0.7068953787096701
956,0.5727362456541677,0.69329720885449
957,0.6091692674921708,0.6875253260029934
958,0.6053631166500179,0.6770052114264782
959,0.6053205215351776,0.7321613909884476
960,0.6091431858446732,0.6360157163530301
961,0.556689793971172,0.7368516061171883
962,0.5632354176430047,0.7382416970902869
963,0.614167189305371,0.6367672974996409
964,0.5643310377225124,0.7119653089825322
965,0.6245289108655167,0.7275506472279307
966,0.6102322336553051,0.6960399047293147
967,0.6213277521418422,0.7078840991763452
968,0.5659952877149159,0.7159787335876481
969,0.5946033305857036,0.7194826320548067
970,0.65074111761612,0.6260358105923017
971,0.6348104449459919,0.6407164607265377
972,0.5646949583185201,0.6466435767809614
973,0.5972365569903625,0.6841652694132403
974,0.5965195280003419,0.6566645552092119
975,0.5375042897712676,0.6947359352072049
976,0.6339031068613671,0.7135017133245923
977,0.5756158573661055,0.7027423708703534
978,0.633868819348817,0.6576430611517167
979,0.6305383164186399,0.6916687722254943
980,0.6297188856622038,0.7795851534181997
981,0.621254446321641,0.7117837493444691
982,0.5964419291658027,0.5933819913950305
983,0.6329329426894468,0.7407292895207223
984,0.6163169397610977,0.7443406030711607
985,0.5533738656098399,0.7738225374627111
986,0.5944430333895974,0.7218827978293628
987,0.5862090675119422,0.6195409110519813
988,0.5975570345642802,0.7135544937004544
989,0.5966377815314324,0.6050789141973543
990,0.6663571946328839,0.6375702948663161
991,0.6094105777517529,0.6706093492583306
992,0.5813138638752336,0.8085742230208173
993,0.5648916419113672,0.7174016319474508
994,0.6115416358447376,0.7881010778165233
995,0.6252873238513063,0.6889902913995017
996,0.5952465467133955,0.6791716050952584
997,0.5483807509049259,0.5890429297658201
998,0.5239794854370093,0.6977124403106097
999,0.6365206991192038,0.6323029862561542
1000,0.6122629849205589,0.7243648839245845
